{
    "fit": 52559332.52018126,
    "cg": [
        708963955.5373849,
        53009195.630611256,
        52789075.38968165,
        52760069.419575125,
        52760069.419575125,
        52760069.419575125,
        52760069.419575125,
        52760069.419575125,
        52559332.52018126,
        52559332.52018126
    ],
    "pos": [
        0.95,
        0.95,
        0.95,
        0.95,
        0.95,
        0.95,
        18.187124656553546,
        7.6377727878154325,
        17.308323900315493,
        0.0,
        0.9175100759208944,
        1.9661179136358915,
        0.40510749572261295,
        14.77739729449787,
        0.0
    ],
    "ploss": 6.799870100195848,
    "vd": 1.6434047286638576,
    "feas": false,
    "iter": 10,
    "time": 0.5709528923034668,
    "reason": "maximum_iterations",
    "name": "hybrid_woa_gwo"
}