model,startup,shutdown,n,c2,c1,c0
2,0,0,3,0.02000,2.00,0
2,0,0,3,0.01750,1.75,0
2,0,0,3,0.06250,1.00,0
2,0,0,3,0.00834,3.25,0
2,0,0,3,0.02500,3.00,0
2,0,0,3,0.02500,3.00,0