gen_id,model,startup,shutdown,n,c2,c1,c0
1,2,0,0,3,0.00375,2,0
2,2,0,0,3,0.0175,1.75,0
3,2,0,0,3,0.0625,1,0
4,2,0,0,3,0.00834,3.25,0
5,2,0,0,3,0.025,3,0
6,2,0,0,3,0.025,3,0
